"Area","Country","PersonID","Gender","DOB","Surname","GivenName","School","GP"
"Abbey","England","0","Male","1970-02-24 00:00:00","Kerr","Lucas","Abbey School","Abbey GP"
"Abbey","England","1","Female","1997-06-23 00:00:00","Stevenson","Victoria","Abbey School","Abbey GP"
"Abbey","England","2","Male","1967-06-20 00:00:00","Russell","Aaron","Abbey School","Abbey GP"
"Bagley","England","3","Female","1960-05-26 00:00:00","Cooke","Ella","Bagley School","Bagely GP"
"Bagley","England","4","Male","1967-03-05 00:00:00","Turnbull","Mason","Bagley School","Bagely GP"
"Bagley","England","5","Female","2013-01-14 00:00:00","Hopkins","Scarlett","Bagley School","Bagely GP"
"Battlefield","England","6","Male","2007-12-24 00:00:00","Carr","Joshua","Battlefield School","Battlefield GP"
"Battlefield","England","7","Male","1972-10-08 00:00:00","Jordan","Kai","Battlefield School","Battlefield GP"
"Battlefield","England","8","Male","1951-02-11 00:00:00","Chandler","Kian","Battlefield School","Battlefield GP"
"Belle Vue","England","9","Male","2001-02-14 00:00:00","Little","Joshua","Belle Vue School","Belle Vue GP"
"Belle Vue","England","10","Female","1966-06-28 00:00:00","Brown","Sophia","Belle Vue School","Belle Vue GP"
"Belle Vue","England","11","Male","1963-06-03 00:00:00","Elliott","George","Belle Vue School","Belle Vue GP"
"Bowbrook","England","12","Male","1969-02-14 00:00:00","Weston","Adam","Bowbrook School","Bowbrook GP"
"Bowbrook","England","13","Female","1979-09-26 00:00:00","Pope","Eloise","Bowbrook School","Bowbrook GP"
"Bowbrook","England","14","Female","1969-10-28 00:00:00","Sutton","Tilly","Bowbrook School","Bowbrook GP"
"Castlefields and Ditherington","England","15","Female","2007-03-12 00:00:00","Black","Emma","Castlefields School","Castlefields GP"
"Castlefields and Ditherington","England","16","Female","1975-11-22 00:00:00","Scott","Summer","Castlefields School","Castlefields GP"
"Castlefields and Ditherington","England","17","Female","1990-03-24 00:00:00","Austin","Alice","Castlefields School","Castlefields GP"
"Column","England","18","Male","1949-05-07 00:00:00","Burke","Reece","Column School","Column GP"
"Column","England","19","Male","2007-10-27 00:00:00","Bruce","Joe","Column School","Column GP"
"Column","England","20","Male","1984-11-30 00:00:00","Kerr","Benjamin","Column School","Column GP"
"Copthorne","England","21","Female","1954-01-05 00:00:00","Kemp","Megan","Copthorne School","Copthorne GP"
"Copthorne","England","22","Female","1996-09-24 00:00:00","Adams","Lucy","Copthorne School","Copthorne GP"
"Copthorne","England","23","Female","1980-10-22 00:00:00","Storey","Maya","Copthorne School","Copthorne GP"
"Harlescott","England","24","Female","1944-09-12 00:00:00","Hope","Morgan","Harlescott School","Harlescott GP"
"Harlescott","England","25","Male","1976-01-06 00:00:00","Lawson","Edward","Harlescott School","Harlescott GP"
"Harlescott","England","26","Female","1936-01-17 00:00:00","Griffiths","Samantha","Harlescott School","Harlescott GP"
"Meole","England","27","Female","1998-02-07 00:00:00","Hayes","Bethany","Meole School","Meole GP"
"Meole","England","28","Male","1972-07-12 00:00:00","Anderson","Jay","Meole School","Meole GP"
"Meole","England","29","Female","1978-07-24 00:00:00","Pollard","Madison","Meole School","Meole GP"
"Monkmoor","England","30","Female","2010-03-05 00:00:00","Rees","Tegan","Monkmoor School","Monkmoor GP"
"Monkmoor","England","31","Female","1994-11-09 00:00:00","Carroll","Amy","Monkmoor School","Monkmoor GP"
"Monkmoor","England","32","Male","2011-08-31 00:00:00","Sykes","Sam","Monkmoor School","Monkmoor GP"
"Porthill","England","33","Male","1957-05-04 00:00:00","Manning","Jude","Porthill School","Porthill GP"
"Porthill","England","34","Male","2018-08-18 00:00:00","Carr","Finlay","Porthill School","Porthill GP"
"Porthill","England","35","Male","2005-06-24 00:00:00","Gould","Samuel","Porthill School","Porthill GP"
"Quarry and Coton Hill","England","36","Male","1970-04-02 00:00:00","Davison","Aidan","Coton Hill School","Quarry GP"
"Quarry and Coton Hill","England","37","Male","1992-07-29 00:00:00","Simmons","Hayden","Quarry School","Quarry GP"
"Quarry and Coton Hill","England","38","Male","1962-05-18 00:00:00","Warner","Jack","Coton Hill School","Quarry GP"
"Radbrook","England","39","Female","1939-11-29 00:00:00","O'Brien","Skye","Radbrook School","Radbrook GP"
"Radbrook","England","40","Male","1947-03-10 00:00:00","Hawkins","Ewan","Radbrook School","Radbrook GP"
"Radbrook","England","41","Male","1940-04-17 00:00:00","Richardson","Noah","Radbrook School","Radbrook GP"
"Sundorne","England","42","Male","1949-06-15 00:00:00","Clements","Ryan","Sundorne School","Sundorne GP"
"Sundorne","England","43","Male","1992-01-29 00:00:00","Thomson","Charles","Sundorne School","Sundorne GP"
"Sundorne","England","44","Female","1965-08-17 00:00:00","Mahmood","Lily","Sundorne School","Sundorne GP"
"Sutton and Reabrook","England","45","Male","1932-06-20 00:00:00","Newton","Jack","Reabrook School","Sutton GP"
"Sutton and Reabrook","England","46","Female","1968-07-20 00:00:00","Thompson","Isabel","Sutton School","Sutton GP"
"Sutton and Reabrook","England","47","Female","1949-03-27 00:00:00","Griffiths","Jasmine","Sutton School","Sutton GP"
"Underdale","England","48","Male","2019-10-11 00:00:00","Frost","Billy","Underdale School","Underdale GP"
"Underdale","England","49","Male","1974-06-06 00:00:00","Bibi","Benjamin","Underdale School","Underdale GP"
"Underdale","England","50","Male","2016-05-12 00:00:00","Gordon","Andrew","Underdale School","Underdale GP"
